Question,Response,Response Time
What announcement did UK Prime Minister Rishi Sunak make regarding the high-speed rail project in the United Kingdom?,UK Prime Minister Rishi Sunak announced the cancellation of the northern leg of the HS2 high-speed rail link project in the United Kingdom. He pledged billions for transport projects across the country after scrapping this part of the project.,5.845472
How many workers from Kaiser Permanente went on strike in the United States?,"Over 75,000 workers from Kaiser Permanente went on strike in the United States.",5.989648
What caused the increase in the gap between Italy and Germany's 10-year bond yields?,The increase in the gap between Italy and Germany's 10-year bond yields was due to the widening spread between the two countries. This widening spread is closely monitored by analysts as a sign of differing factors affecting the bond yields of Italy and Germany.,6.34976
"What were the consequences of the severe flooding in Sikkim, India?","The severe flooding in Sikkim, India, following a sudden glacial lake burst, claimed several lives and caused widespread damage. Roads, bridges, and homes were washed away, and part of the state's biggest hydropower project, Sikkim Urja, was also affected. The Teesta River took a furious form due to the flooding.",6.227286
What did the United States and Russia test?,"The United States and Russia have been testing space-based nuclear weapons that are designed to threaten America's satellite network. The launch of the antisatellite weapon does not appear imminent, but there is a limited window of time to prevent its deployment. The United States does not currently have the ability to counter such a weapon and defend its satellites. This information was made public by Representative Michael R. Turner, the chairman of the House Intelligence Committee.",6.141728
Who emerged victorious in the 44th Ryder Cup?,Europe emerged victorious in the 44th Ryder Cup.,5.272093
What record did Kelvin Kiptum set at the Chicago Marathon?,"Kelvin Kiptum set a world record in the men's marathon at the Chicago Marathon last year, finishing in 2 hours, 35 seconds.",6.18283
"Where did a suicide bomber blow himself up, injuring two police officers?","A suicide bomber blew himself up in front of the General Directorate of Security building in the Turkish capital, Ankara, injuring two police officers.",5.833218
"Where did the 5th International Conference on Stem Cells, Tissue Engineering & Regenerative Medicine take place?","The 5th International Conference on Stem Cells, Tissue Engineering & Regenerative Medicine took place in Rome, Italy on May 18-19, 2023.",5.639414
Where was the 2023 International Conference on Power and Renewable Energy Engineering (PREE 2023) held?,"The 2023 International Conference on Power and Renewable Energy Engineering (PREE 2023) was held in Tokyo, Japan.",5.580921
Where did the ACM/IEEE 26th International Conference on Model-Driven Engineering Languages and Systems take place?,"The ACM/IEEE 26th International Conference on Model-Driven Engineering Languages and Systems took place in Västerås, Sweden.",5.933824
Where was the 3rd Food Chemistry Conference held?,"The 3rd Food Chemistry Conference was held in Dresden, Germany.",4.820413
Where did the International Conference on Artificial Intelligence and Machine Learning take place?,"The International Conference on Artificial Intelligence and Machine Learning took place in San Francisco, CA.",4.992841
What caused the deaths of 8 people in Louisiana?,The specific cause of death of 8 people in Louisiana is not provided in the search results. Would you like me to search for more information on this topic?,7.033232
What was the impact of Storm Babet in the United Kingdom?,"Storm Babet impacted the United Kingdom by bringing relentless, heavy rain from Thursday to Saturday last week. Some locations collected two months worth of rain in three days. The storm affected large areas of the UK, particularly in eastern Scotland, Northern Ireland, and northern England. The impacts included heavy rainfall, strong winds, widespread flooding, power cuts, and travel disruption. Additionally, on 18 October, Storm Babet hit Torbay, with a beach bar swept into the sea in Torquay and major damage to beach huts in Paignton and Teignmouth, where a seaside skatepark was flooded.",6.801487
What led to a motorway pile-up involving 158 vehicles in New Orleans?,"The motorway pile-up involving 158 vehicles in New Orleans was caused by a dangerously thick ""superfog"" that made visibility extremely poor. This ""superfog"" was exacerbated by wildfires burning in the area. The incident resulted in a significant number of vehicles being involved in the crashes, leading to fatalities and injuries.",5.659574
Who won the 10th Rugby World Cup?,The 10th Rugby World Cup was won by South Africa. They retained the Webb Ellis Trophy after winning each of their three knockout matches by just one point.,5.028908
What record did Taylor Swift break with her “1989 (Taylor’s Version)” album?,"Taylor Swift's ""1989 (Taylor's Version)"" album broke the record for the most weeks at No. 1 on the Billboard 200 albums chart.",5.749647
Where did the International Conference on Image Processing take place?,"The International Conference on Image Processing in 2021 took place in the vibrant city of Abu Dhabi, United Arab Emirates.",5.677387
"Where was the 7th International Conference on Data Management, Analytics and Innovation held?","The 7th International Conference on Data Management, Analytics and Innovation was held in Pune, India.",5.554255
What was unveiled in July 2023 for the Brazilian Constitution?,"In July 2023, the Federal Constitution of Brazil was translated into the Indigenous language Nheengatu. Additionally, there was a ceremony where Sonia Guajajara joined Minister Rosa Weber to endorse the State Law for the co-officialization of indigenous languages.",5.325349
What milestone did scientists from Osaka University achieve with mice?,Scientists from Osaka University achieved a milestone by creating baby mice with two fathers for the first time. This was achieved by turning male mouse stem cells into female cells in a lab. The study was published in the journal Nature.,6.244629
What marked the Islamic holy month of Ramadan in London's West End for the first time in March 2023?,The Islamic holy month of Ramadan was marked in London's West End for the first time in March 2023 with an open Iftar event held at the Victoria and Albert Museum in South Kensington. A pop-up mosque and Ramadan pavilion were also erected for the occasion. You can find more information about this on the [BBC website](https://www.bbc.co.uk/news/uk-england-london-65030988).,5.72945
What did the Chinese private space company Landspace use for the first time in July 2023?,"In July 2023, the Chinese private space company Landspace used a methane-fueled rocket for the first time. The rocket, named Zhuque-2, achieved the milestone of reaching orbit with methane propulsion.",5.591314
Where did a spacecraft successfully land for the first time near the moon's south pole in India?,The spacecraft successfully landed near the moon's south pole in India as part of the Chandrayaan-2 mission by the Indian Space Research Organization (ISRO).,5.584851
Who became the first South Korean solo artist to top Billboard's Hot 100 in April 2023?,"The first South Korean solo artist to top Billboard's Hot 100 in April 2023 was BTS's Jimin with his song ""Like Crazy.""",5.542369
What significant event happened for the Chinese yuan in March 2023?,"In March 2023, the significant event for the Chinese yuan was that the US Dollar increased in value compared to the Chinese Yuan Renminbi.",5.727096
What did researchers successfully extract for the first time in May 2023?,"Researchers successfully extracted ancient DNA from a 2,900-year-old clay brick for the first time in May 2023. This analysis provided insight into the diversity of plant species. You can read more about it [here](https://www.sciencedaily.com/releases/2023/08/230822111659.htm).",7.291503
What was revealed for the first time in May 2023?,I found some information about events in May 2023. Would you like me to provide more details on a specific event or topic from that month?,3.939188
How did a man with paralysis walk again for the first time?,"A man with paralysis was able to walk again for the first time with the help of a new technique that restored motion and feeling to him. Researchers developed a medical device that enabled the paralyzed man to walk naturally again, more than a decade after his injury. The device involved brain and spine implants that allowed him to regain mobility.",5.652609
What milestone did Japan's population reach for the first time?,Japan's population milestone is currently not specified in the search results. Would you like me to search for more information on this topic?,5.344141
What did the U.S. Food and Drug Administration approve for the first time?,The U.S. Food and Drug Administration approved the first-ever treatment to treat severe frostbite in adults.,5.273533
What was the first postpartum depression pill approved by the U.S. Food and Drug Administration?,The first postpartum depression pill approved by the U.S. Food and Drug Administration is called Zurzuvae.,5.128156
Where was the HPAI H5N1 virus confirmed for the first time in bird and seal populations?,The HPAI H5N1 virus was confirmed for the first time in bird and seal populations in the northeastern United States. The spillover of the virus into marine mammals was reported to be coincident with H5N1 in sympatric wild birds.,6.681183
What was significant about the Vatican assembly that included nuns and laywomen?,"The Vatican assembly that included nuns and laywomen was significant because Pope Francis declared a priest, three religious sisters, and two laywomen as venerable servants of God, moving them a step closer to canonization. This declaration by Pope Francis highlights the importance and recognition of the contributions of these individuals towards sainthood.",6.214262
What was confirmed for the first time in bird and seal populations on Bird Island in Antarctica in October 2023?,"The first confirmed cases of avian influenza (bird flu) in the Antarctic region were reported in brown skua populations on Bird Island, South Georgia in October 2023.",5.428287
What did a Vatican assembly of 300 bishops include for the first time?,"For the first time in the history of the Vatican assembly of 300 bishops, Pope Francis gave women the right to vote. This was a significant and historic change in the membership of the Synod of Bishops on Synodality.",5.728553
What evidence did researchers find using data from NASA’s Chandra X-ray Observatory and the James Webb Space Telescope?,"Researchers found evidence using data from NASA’s Chandra X-ray Observatory and the James Webb Space Telescope that includes dazzling views of two galaxies, a nebula, and a star cluster. The composite images combine Chandra's X-rays with infrared data from the James Webb Space Telescope, providing insights that are invisible to the unaided eye. You can find more information about this discovery on the [NASA website](https://www.jpl.nasa.gov/news/nasas-chandra-webb-telescopes-combine-for-arresting-views).",8.532135
What record did Earth experience from November 2022 to October 2023?,"The record that Earth experienced from November 2022 to October 2023 was the warmest day on record for the entire planet, which occurred on 6 July 2023. The highest global average temperature was recorded at 17.08 °C (62.74 °F) on that day. Additionally, the month of July 2023 was the hottest month on record globally.",6.217674
How did artificial intelligence contribute to interpreting an ancient scroll in August?,"Artificial intelligence was used to reveal the first full passages decoded from the famously inscrutable Herculaneum ancient scroll in August. Researchers utilized AI technology to decipher parts of the ancient scroll, providing new insights into its content. You can find more information about this on [CNN](https://www.cnn.com/videos/world/2024/02/08/exp-ai-scroll-tell-020802aseg2-cnni-world.cnn) and [NPR](https://www.npr.org/2024/02/12/1230835930/ai-deciphers-part-of-an-ancient-scroll-2-000-years-after-mount-vesuvius-erupted) websites.",8.617155
What significant achievement did Virgin Galactic make in August?,"In August, Virgin Galactic completed its inaugural commercial spaceflight, known as ""Galactic 01."" This was Italy's first commercial suborbital research spaceflight and was made possible through collaboration between the Italian Air Force and the National Research Council of Italy. You can find more information about this achievement on the [Virgin Galactic website](https://press.virgingalactic.com/virgin-galactic-completes-inaugural-commercial-spaceflight).",5.681706
What evidence did researchers in Japan find about microplastics in August?,"Researchers in Japan have found evidence that microplastics are present in clouds, where they are likely affecting the climate in ways that aren't yet fully understood. This study was led by Hiroshi Okochi, a Professor at Waseda University.",5.177746
What type of rocket did the Chinese private space company Landspace use for the first time in July?,The Chinese private space company Landspace used the Zhuque-2 rocket for the first time in July. It was the world's first liquid oxygen methane rocket that successfully entered orbit.,6.032997
What received an official translation into Nheengatu in July?,"In July, the Federal Constitution of Brazil received an official translation into Nheengatu, an indigenous language. The translation was unveiled in São Gabriel da Cachoeira, a town deep in the Amazon, in a ceremony attended by Brazilian authorities and Indigenous leaders.",6.626778
What country became the first to successfully land near the moon’s south pole?,India became the first country to successfully land a spacecraft near the moon's south pole.,5.3297
